INSERT INTO cardapio (restaurante_id, item_id, nome, descricao, preco, disponibilidade) VALUES ('882689', '911',911, 'Item 1', 'Descricao do item 1',88.2, False);
INSERT INTO cardapio (restaurante_id, item_id, nome, descricao, preco, disponibilidade) VALUES ('516536', '196',196, 'Item 2', 'Descricao do item 2',11.98, True);
INSERT INTO cardapio (restaurante_id, item_id, nome, descricao, preco, disponibilidade) VALUES ('882689', '195',195, 'Item 3', 'Descricao do item 3',67.66, True);
INSERT INTO cardapio (restaurante_id, item_id, nome, descricao, preco, disponibilidade) VALUES ('897122', '337',337, 'Item 4', 'Descricao do item 4',53.22, True);
INSERT INTO cardapio (restaurante_id, item_id, nome, descricao, preco, disponibilidade) VALUES ('882689', '148',148, 'Item 5', 'Descricao do item 5',83.8, True);
INSERT INTO cardapio (restaurante_id, item_id, nome, descricao, preco, disponibilidade) VALUES ('516536', '228',228, 'Item 6', 'Descricao do item 6',85.6, True);
INSERT INTO cardapio (restaurante_id, item_id, nome, descricao, preco, disponibilidade) VALUES ('161763', '207',207, 'Item 7', 'Descricao do item 7',90.05, True);
INSERT INTO cardapio (restaurante_id, item_id, nome, descricao, preco, disponibilidade) VALUES ('549469', '571',571, 'Item 8', 'Descricao do item 8',32.86, True);
INSERT INTO cardapio (restaurante_id, item_id, nome, descricao, preco, disponibilidade) VALUES ('856996', '573',573, 'Item 9', 'Descricao do item 9',32.84, True);
INSERT INTO cardapio (restaurante_id, item_id, nome, descricao, preco, disponibilidade) VALUES ('400851', '126',126, 'Item 10', 'Descricao do item 10',74.86, False);
INSERT INTO cardapio (restaurante_id, item_id, nome, descricao, preco, disponibilidade) VALUES ('882689', '922',922, 'Item 11', 'Descricao do item 11',19.92, True);
INSERT INTO cardapio (restaurante_id, item_id, nome, descricao, preco, disponibilidade) VALUES ('216182', '745',745, 'Item 12', 'Descricao do item 12',45.45, True);
INSERT INTO cardapio (restaurante_id, item_id, nome, descricao, preco, disponibilidade) VALUES ('549469', '537',537, 'Item 13', 'Descricao do item 13',20.23, True);
INSERT INTO cardapio (restaurante_id, item_id, nome, descricao, preco, disponibilidade) VALUES ('365193', '943',943, 'Item 14', 'Descricao do item 14',32.22, True);
INSERT INTO cardapio (restaurante_id, item_id, nome, descricao, preco, disponibilidade) VALUES ('365193', '212',212, 'Item 15', 'Descricao do item 15',31.47, True);
INSERT INTO cardapio (restaurante_id, item_id, nome, descricao, preco, disponibilidade) VALUES ('202305', '179',179, 'Item 16', 'Descricao do item 16',74.51, True);
INSERT INTO cardapio (restaurante_id, item_id, nome, descricao, preco, disponibilidade) VALUES ('365193', '274',274, 'Item 17', 'Descricao do item 17',11.1, True);
INSERT INTO cardapio (restaurante_id, item_id, nome, descricao, preco, disponibilidade) VALUES ('549469', '275',275, 'Item 18', 'Descricao do item 18',67.54, False);
INSERT INTO cardapio (restaurante_id, item_id, nome, descricao, preco, disponibilidade) VALUES ('216182', '393',393, 'Item 19', 'Descricao do item 19',52.54, True);
INSERT INTO cardapio (restaurante_id, item_id, nome, descricao, preco, disponibilidade) VALUES ('549469', '905',905, 'Item 20', 'Descricao do item 20',62.76, True);
INSERT INTO cardapio (restaurante_id, item_id, nome, descricao, preco, disponibilidade) VALUES ('882689', '625',625, 'Item 21', 'Descricao do item 21',84.09, True);
INSERT INTO cardapio (restaurante_id, item_id, nome, descricao, preco, disponibilidade) VALUES ('400851', '200',200, 'Item 22', 'Descricao do item 22',83.73, True);
INSERT INTO cardapio (restaurante_id, item_id, nome, descricao, preco, disponibilidade) VALUES ('856996', '911',911, 'Item 23', 'Descricao do item 23',69.97, False);
INSERT INTO cardapio (restaurante_id, item_id, nome, descricao, preco, disponibilidade) VALUES ('897122', '788',788, 'Item 24', 'Descricao do item 24',76.85, True);
INSERT INTO cardapio (restaurante_id, item_id, nome, descricao, preco, disponibilidade) VALUES ('516536', '404',404, 'Item 25', 'Descricao do item 25',74.17, True);
INSERT INTO cardapio (restaurante_id, item_id, nome, descricao, preco, disponibilidade) VALUES ('882689', '571',571, 'Item 26', 'Descricao do item 26',24.78, False);
INSERT INTO cardapio (restaurante_id, item_id, nome, descricao, preco, disponibilidade) VALUES ('856996', '127',127, 'Item 27', 'Descricao do item 27',61.81, True);
INSERT INTO cardapio (restaurante_id, item_id, nome, descricao, preco, disponibilidade) VALUES ('161763', '411',411, 'Item 28', 'Descricao do item 28',16.31, True);
INSERT INTO cardapio (restaurante_id, item_id, nome, descricao, preco, disponibilidade) VALUES ('202305', '632',632, 'Item 29', 'Descricao do item 29',54.47, False);
INSERT INTO cardapio (restaurante_id, item_id, nome, descricao, preco, disponibilidade) VALUES ('161763', '755',755, 'Item 30', 'Descricao do item 30',30.12, True);
INSERT INTO cardapio (restaurante_id, item_id, nome, descricao, preco, disponibilidade) VALUES ('216182', '932',932, 'Item 31', 'Descricao do item 31',96.68, True);
INSERT INTO cardapio (restaurante_id, item_id, nome, descricao, preco, disponibilidade) VALUES ('516536', '482',482, 'Item 32', 'Descricao do item 32',87.77, True);
INSERT INTO cardapio (restaurante_id, item_id, nome, descricao, preco, disponibilidade) VALUES ('856996', '127',127, 'Item 33', 'Descricao do item 33',93.5, True);
INSERT INTO cardapio (restaurante_id, item_id, nome, descricao, preco, disponibilidade) VALUES ('897122', '235',235, 'Item 34', 'Descricao do item 34',30.54, True);
INSERT INTO cardapio (restaurante_id, item_id, nome, descricao, preco, disponibilidade) VALUES ('516536', '183',183, 'Item 35', 'Descricao do item 35',93.84, True);
INSERT INTO cardapio (restaurante_id, item_id, nome, descricao, preco, disponibilidade) VALUES ('216182', '803',803, 'Item 36', 'Descricao do item 36',48.61, False);
INSERT INTO cardapio (restaurante_id, item_id, nome, descricao, preco, disponibilidade) VALUES ('161763', '229',229, 'Item 37', 'Descricao do item 37',22.75, True);
INSERT INTO cardapio (restaurante_id, item_id, nome, descricao, preco, disponibilidade) VALUES ('856996', '950',950, 'Item 38', 'Descricao do item 38',77.57, True);
INSERT INTO cardapio (restaurante_id, item_id, nome, descricao, preco, disponibilidade) VALUES ('202305', '783',783, 'Item 39', 'Descricao do item 39',22.25, False);
INSERT INTO cardapio (restaurante_id, item_id, nome, descricao, preco, disponibilidade) VALUES ('365193', '454',454, 'Item 40', 'Descricao do item 40',26.89, True);
INSERT INTO cardapio (restaurante_id, item_id, nome, descricao, preco, disponibilidade) VALUES ('400851', '731',731, 'Item 41', 'Descricao do item 41',49.61, True);
INSERT INTO cardapio (restaurante_id, item_id, nome, descricao, preco, disponibilidade) VALUES ('400851', '351',351, 'Item 42', 'Descricao do item 42',11.63, True);
INSERT INTO cardapio (restaurante_id, item_id, nome, descricao, preco, disponibilidade) VALUES ('161763', '914',914, 'Item 43', 'Descricao do item 43',51.62, True);
INSERT INTO cardapio (restaurante_id, item_id, nome, descricao, preco, disponibilidade) VALUES ('516536', '263',263, 'Item 44', 'Descricao do item 44',68.15, False);
INSERT INTO cardapio (restaurante_id, item_id, nome, descricao, preco, disponibilidade) VALUES ('161763', '862',862, 'Item 45', 'Descricao do item 45',69.93, True);
INSERT INTO cardapio (restaurante_id, item_id, nome, descricao, preco, disponibilidade) VALUES ('365193', '840',840, 'Item 46', 'Descricao do item 46',86.26, True);
INSERT INTO cardapio (restaurante_id, item_id, nome, descricao, preco, disponibilidade) VALUES ('882689', '475',475, 'Item 47', 'Descricao do item 47',66.44, True);
INSERT INTO cardapio (restaurante_id, item_id, nome, descricao, preco, disponibilidade) VALUES ('549469', '690',690, 'Item 48', 'Descricao do item 48',86.16, True);
INSERT INTO cardapio (restaurante_id, item_id, nome, descricao, preco, disponibilidade) VALUES ('202305', '376',376, 'Item 49', 'Descricao do item 49',81.28, False);
INSERT INTO cardapio (restaurante_id, item_id, nome, descricao, preco, disponibilidade) VALUES ('202305', '387',387, 'Item 50', 'Descricao do item 50',48.09, True);
INSERT INTO cardapio (restaurante_id, item_id, nome, descricao, preco, disponibilidade) VALUES ('549469', '428',428, 'Item 51', 'Descricao do item 51',10.29, True);
INSERT INTO cardapio (restaurante_id, item_id, nome, descricao, preco, disponibilidade) VALUES ('216182', '954',954, 'Item 52', 'Descricao do item 52',76.38, False);
INSERT INTO cardapio (restaurante_id, item_id, nome, descricao, preco, disponibilidade) VALUES ('202305', '835',835, 'Item 53', 'Descricao do item 53',77.38, True);
INSERT INTO cardapio (restaurante_id, item_id, nome, descricao, preco, disponibilidade) VALUES ('365193', '419',419, 'Item 54', 'Descricao do item 54',74.16, True);
INSERT INTO cardapio (restaurante_id, item_id, nome, descricao, preco, disponibilidade) VALUES ('400851', '234',234, 'Item 55', 'Descricao do item 55',73.55, True);
INSERT INTO cardapio (restaurante_id, item_id, nome, descricao, preco, disponibilidade) VALUES ('216182', '785',785, 'Item 56', 'Descricao do item 56',40.97, True);
INSERT INTO cardapio (restaurante_id, item_id, nome, descricao, preco, disponibilidade) VALUES ('161763', '524',524, 'Item 57', 'Descricao do item 57',10.02, True);
INSERT INTO cardapio (restaurante_id, item_id, nome, descricao, preco, disponibilidade) VALUES ('549469', '925',925, 'Item 58', 'Descricao do item 58',99.75, False);
INSERT INTO cardapio (restaurante_id, item_id, nome, descricao, preco, disponibilidade) VALUES ('856996', '733',733, 'Item 59', 'Descricao do item 59',67.09, True);
INSERT INTO cardapio (restaurante_id, item_id, nome, descricao, preco, disponibilidade) VALUES ('216182', '335',335, 'Item 60', 'Descricao do item 60',25.49, False);
INSERT INTO cardapio (restaurante_id, item_id, nome, descricao, preco, disponibilidade) VALUES ('549469', '946',946, 'Item 61', 'Descricao do item 61',66.89, True);
INSERT INTO cardapio (restaurante_id, item_id, nome, descricao, preco, disponibilidade) VALUES ('202305', '711',711, 'Item 62', 'Descricao do item 62',69.34, True);
INSERT INTO cardapio (restaurante_id, item_id, nome, descricao, preco, disponibilidade) VALUES ('897122', '113',113, 'Item 63', 'Descricao do item 63',25.88, True);
INSERT INTO cardapio (restaurante_id, item_id, nome, descricao, preco, disponibilidade) VALUES ('161763', '786',786, 'Item 64', 'Descricao do item 64',68.05, True);
INSERT INTO cardapio (restaurante_id, item_id, nome, descricao, preco, disponibilidade) VALUES ('856996', '322',322, 'Item 65', 'Descricao do item 65',41.84, True);
INSERT INTO cardapio (restaurante_id, item_id, nome, descricao, preco, disponibilidade) VALUES ('516536', '727',727, 'Item 66', 'Descricao do item 66',46.6, True);
INSERT INTO cardapio (restaurante_id, item_id, nome, descricao, preco, disponibilidade) VALUES ('161763', '958',958, 'Item 67', 'Descricao do item 67',90.5, True);
INSERT INTO cardapio (restaurante_id, item_id, nome, descricao, preco, disponibilidade) VALUES ('365193', '343',343, 'Item 68', 'Descricao do item 68',44.73, True);
INSERT INTO cardapio (restaurante_id, item_id, nome, descricao, preco, disponibilidade) VALUES ('549469', '317',317, 'Item 69', 'Descricao do item 69',25.68, False);
INSERT INTO cardapio (restaurante_id, item_id, nome, descricao, preco, disponibilidade) VALUES ('216182', '504',504, 'Item 70', 'Descricao do item 70',79.4, True);
INSERT INTO cardapio (restaurante_id, item_id, nome, descricao, preco, disponibilidade) VALUES ('516536', '998',998, 'Item 71', 'Descricao do item 71',33.51, False);
INSERT INTO cardapio (restaurante_id, item_id, nome, descricao, preco, disponibilidade) VALUES ('882689', '207',207, 'Item 72', 'Descricao do item 72',47.82, True);
INSERT INTO cardapio (restaurante_id, item_id, nome, descricao, preco, disponibilidade) VALUES ('549469', '842',842, 'Item 73', 'Descricao do item 73',93.29, True);
INSERT INTO cardapio (restaurante_id, item_id, nome, descricao, preco, disponibilidade) VALUES ('365193', '712',712, 'Item 74', 'Descricao do item 74',48.51, True);
INSERT INTO cardapio (restaurante_id, item_id, nome, descricao, preco, disponibilidade) VALUES ('882689', '604',604, 'Item 75', 'Descricao do item 75',74.53, True);
INSERT INTO cardapio (restaurante_id, item_id, nome, descricao, preco, disponibilidade) VALUES ('549469', '550',550, 'Item 76', 'Descricao do item 76',68.95, True);
INSERT INTO cardapio (restaurante_id, item_id, nome, descricao, preco, disponibilidade) VALUES ('216182', '853',853, 'Item 77', 'Descricao do item 77',39.93, True);
INSERT INTO cardapio (restaurante_id, item_id, nome, descricao, preco, disponibilidade) VALUES ('400851', '541',541, 'Item 78', 'Descricao do item 78',89.76, True);
INSERT INTO cardapio (restaurante_id, item_id, nome, descricao, preco, disponibilidade) VALUES ('897122', '859',859, 'Item 79', 'Descricao do item 79',21.03, True);
INSERT INTO cardapio (restaurante_id, item_id, nome, descricao, preco, disponibilidade) VALUES ('516536', '141',141, 'Item 80', 'Descricao do item 80',57.43, True);
INSERT INTO cardapio (restaurante_id, item_id, nome, descricao, preco, disponibilidade) VALUES ('882689', '969',969, 'Item 81', 'Descricao do item 81',52.56, True);
INSERT INTO cardapio (restaurante_id, item_id, nome, descricao, preco, disponibilidade) VALUES ('216182', '773',773, 'Item 82', 'Descricao do item 82',82.42, True);
INSERT INTO cardapio (restaurante_id, item_id, nome, descricao, preco, disponibilidade) VALUES ('365193', '578',578, 'Item 83', 'Descricao do item 83',92.43, True);
INSERT INTO cardapio (restaurante_id, item_id, nome, descricao, preco, disponibilidade) VALUES ('216182', '137',137, 'Item 84', 'Descricao do item 84',39.8, True);
INSERT INTO cardapio (restaurante_id, item_id, nome, descricao, preco, disponibilidade) VALUES ('897122', '851',851, 'Item 85', 'Descricao do item 85',52.14, True);
INSERT INTO cardapio (restaurante_id, item_id, nome, descricao, preco, disponibilidade) VALUES ('400851', '219',219, 'Item 86', 'Descricao do item 86',79.81, False);
INSERT INTO cardapio (restaurante_id, item_id, nome, descricao, preco, disponibilidade) VALUES ('549469', '498',498, 'Item 87', 'Descricao do item 87',98.56, True);
INSERT INTO cardapio (restaurante_id, item_id, nome, descricao, preco, disponibilidade) VALUES ('897122', '726',726, 'Item 88', 'Descricao do item 88',17.58, True);
INSERT INTO cardapio (restaurante_id, item_id, nome, descricao, preco, disponibilidade) VALUES ('897122', '719',719, 'Item 89', 'Descricao do item 89',75.34, False);
INSERT INTO cardapio (restaurante_id, item_id, nome, descricao, preco, disponibilidade) VALUES ('400851', '639',639, 'Item 90', 'Descricao do item 90',76.64, True);
INSERT INTO cardapio (restaurante_id, item_id, nome, descricao, preco, disponibilidade) VALUES ('897122', '995',995, 'Item 91', 'Descricao do item 91',32.73, False);
INSERT INTO cardapio (restaurante_id, item_id, nome, descricao, preco, disponibilidade) VALUES ('202305', '495',495, 'Item 92', 'Descricao do item 92',38.46, True);
INSERT INTO cardapio (restaurante_id, item_id, nome, descricao, preco, disponibilidade) VALUES ('161763', '212',212, 'Item 93', 'Descricao do item 93',20.22, True);
INSERT INTO cardapio (restaurante_id, item_id, nome, descricao, preco, disponibilidade) VALUES ('549469', '881',881, 'Item 94', 'Descricao do item 94',48.35, False);
INSERT INTO cardapio (restaurante_id, item_id, nome, descricao, preco, disponibilidade) VALUES ('882689', '175',175, 'Item 95', 'Descricao do item 95',36.77, True);
INSERT INTO cardapio (restaurante_id, item_id, nome, descricao, preco, disponibilidade) VALUES ('549469', '724',724, 'Item 96', 'Descricao do item 96',39.08, True);
INSERT INTO cardapio (restaurante_id, item_id, nome, descricao, preco, disponibilidade) VALUES ('856996', '211',211, 'Item 97', 'Descricao do item 97',30.87, False);
INSERT INTO cardapio (restaurante_id, item_id, nome, descricao, preco, disponibilidade) VALUES ('549469', '919',919, 'Item 98', 'Descricao do item 98',12.79, False);
INSERT INTO cardapio (restaurante_id, item_id, nome, descricao, preco, disponibilidade) VALUES ('897122', '958',958, 'Item 99', 'Descricao do item 99',55.5, True);
INSERT INTO cardapio (restaurante_id, item_id, nome, descricao, preco, disponibilidade) VALUES ('202305', '620',620, 'Item 100', 'Descricao do item 100',17.22, True);
INSERT INTO cardapio (restaurante_id, item_id, nome, descricao, preco, disponibilidade) VALUES ('856996', '455',455, 'Item 101', 'Descricao do item 101',94.98, True);
INSERT INTO cardapio (restaurante_id, item_id, nome, descricao, preco, disponibilidade) VALUES ('216182', '647',647, 'Item 102', 'Descricao do item 102',67.68, True);
INSERT INTO cardapio (restaurante_id, item_id, nome, descricao, preco, disponibilidade) VALUES ('882689', '663',663, 'Item 103', 'Descricao do item 103',64, True);
INSERT INTO cardapio (restaurante_id, item_id, nome, descricao, preco, disponibilidade) VALUES ('216182', '247',247, 'Item 104', 'Descricao do item 104',66.08, False);
INSERT INTO cardapio (restaurante_id, item_id, nome, descricao, preco, disponibilidade) VALUES ('365193', '796',796, 'Item 105', 'Descricao do item 105',98.67, True);
INSERT INTO cardapio (restaurante_id, item_id, nome, descricao, preco, disponibilidade) VALUES ('365193', '426',426, 'Item 106', 'Descricao do item 106',72.05, True);
INSERT INTO cardapio (restaurante_id, item_id, nome, descricao, preco, disponibilidade) VALUES ('897122', '537',537, 'Item 107', 'Descricao do item 107',42.45, True);
INSERT INTO cardapio (restaurante_id, item_id, nome, descricao, preco, disponibilidade) VALUES ('882689', '603',603, 'Item 108', 'Descricao do item 108',98.14, True);
INSERT INTO cardapio (restaurante_id, item_id, nome, descricao, preco, disponibilidade) VALUES ('365193', '368',368, 'Item 109', 'Descricao do item 109',43.77, True);
INSERT INTO cardapio (restaurante_id, item_id, nome, descricao, preco, disponibilidade) VALUES ('516536', '127',127, 'Item 110', 'Descricao do item 110',80.78, True);
INSERT INTO cardapio (restaurante_id, item_id, nome, descricao, preco, disponibilidade) VALUES ('202305', '723',723, 'Item 111', 'Descricao do item 111',98.04, True);
INSERT INTO cardapio (restaurante_id, item_id, nome, descricao, preco, disponibilidade) VALUES ('882689', '807',807, 'Item 112', 'Descricao do item 112',94.57, False);
INSERT INTO cardapio (restaurante_id, item_id, nome, descricao, preco, disponibilidade) VALUES ('202305', '161',161, 'Item 113', 'Descricao do item 113',66.37, True);
INSERT INTO cardapio (restaurante_id, item_id, nome, descricao, preco, disponibilidade) VALUES ('516536', '151',151, 'Item 114', 'Descricao do item 114',66.11, True);
INSERT INTO cardapio (restaurante_id, item_id, nome, descricao, preco, disponibilidade) VALUES ('882689', '567',567, 'Item 115', 'Descricao do item 115',44.82, True);
INSERT INTO cardapio (restaurante_id, item_id, nome, descricao, preco, disponibilidade) VALUES ('856996', '137',137, 'Item 116', 'Descricao do item 116',53.94, True);
INSERT INTO cardapio (restaurante_id, item_id, nome, descricao, preco, disponibilidade) VALUES ('216182', '333',333, 'Item 117', 'Descricao do item 117',69.82, True);
INSERT INTO cardapio (restaurante_id, item_id, nome, descricao, preco, disponibilidade) VALUES ('897122', '113',113, 'Item 118', 'Descricao do item 118',27.73, True);
INSERT INTO cardapio (restaurante_id, item_id, nome, descricao, preco, disponibilidade) VALUES ('516536', '593',593, 'Item 119', 'Descricao do item 119',86.3, True);
INSERT INTO cardapio (restaurante_id, item_id, nome, descricao, preco, disponibilidade) VALUES ('549469', '160',160, 'Item 120', 'Descricao do item 120',33.8, True);
INSERT INTO cardapio (restaurante_id, item_id, nome, descricao, preco, disponibilidade) VALUES ('856996', '529',529, 'Item 121', 'Descricao do item 121',55.17, True);
INSERT INTO cardapio (restaurante_id, item_id, nome, descricao, preco, disponibilidade) VALUES ('516536', '629',629, 'Item 122', 'Descricao do item 122',91, True);
INSERT INTO cardapio (restaurante_id, item_id, nome, descricao, preco, disponibilidade) VALUES ('516536', '669',669, 'Item 123', 'Descricao do item 123',63.15, False);
INSERT INTO cardapio (restaurante_id, item_id, nome, descricao, preco, disponibilidade) VALUES ('897122', '515',515, 'Item 124', 'Descricao do item 124',61.29, True);
INSERT INTO cardapio (restaurante_id, item_id, nome, descricao, preco, disponibilidade) VALUES ('400851', '545',545, 'Item 125', 'Descricao do item 125',84.92, False);
INSERT INTO cardapio (restaurante_id, item_id, nome, descricao, preco, disponibilidade) VALUES ('161763', '780',780, 'Item 126', 'Descricao do item 126',23.62, True);
INSERT INTO cardapio (restaurante_id, item_id, nome, descricao, preco, disponibilidade) VALUES ('161763', '221',221, 'Item 127', 'Descricao do item 127',29.94, True);
INSERT INTO cardapio (restaurante_id, item_id, nome, descricao, preco, disponibilidade) VALUES ('400851', '313',313, 'Item 128', 'Descricao do item 128',48.64, True);
INSERT INTO cardapio (restaurante_id, item_id, nome, descricao, preco, disponibilidade) VALUES ('516536', '552',552, 'Item 129', 'Descricao do item 129',95.3, False);
INSERT INTO cardapio (restaurante_id, item_id, nome, descricao, preco, disponibilidade) VALUES ('897122', '108',108, 'Item 130', 'Descricao do item 130',70.05, True);
INSERT INTO cardapio (restaurante_id, item_id, nome, descricao, preco, disponibilidade) VALUES ('516536', '888',888, 'Item 131', 'Descricao do item 131',91.15, False);
INSERT INTO cardapio (restaurante_id, item_id, nome, descricao, preco, disponibilidade) VALUES ('549469', '210',210, 'Item 132', 'Descricao do item 132',18.78, True);
INSERT INTO cardapio (restaurante_id, item_id, nome, descricao, preco, disponibilidade) VALUES ('856996', '949',949, 'Item 133', 'Descricao do item 133',59.13, True);
INSERT INTO cardapio (restaurante_id, item_id, nome, descricao, preco, disponibilidade) VALUES ('549469', '228',228, 'Item 134', 'Descricao do item 134',11.23, True);
INSERT INTO cardapio (restaurante_id, item_id, nome, descricao, preco, disponibilidade) VALUES ('549469', '254',254, 'Item 135', 'Descricao do item 135',45.42, False);
INSERT INTO cardapio (restaurante_id, item_id, nome, descricao, preco, disponibilidade) VALUES ('882689', '497',497, 'Item 136', 'Descricao do item 136',73.92, True);
INSERT INTO cardapio (restaurante_id, item_id, nome, descricao, preco, disponibilidade) VALUES ('400851', '665',665, 'Item 137', 'Descricao do item 137',86.29, False);
INSERT INTO cardapio (restaurante_id, item_id, nome, descricao, preco, disponibilidade) VALUES ('365193', '344',344, 'Item 138', 'Descricao do item 138',17.17, True);
INSERT INTO cardapio (restaurante_id, item_id, nome, descricao, preco, disponibilidade) VALUES ('161763', '408',408, 'Item 139', 'Descricao do item 139',92.97, True);
INSERT INTO cardapio (restaurante_id, item_id, nome, descricao, preco, disponibilidade) VALUES ('216182', '668',668, 'Item 140', 'Descricao do item 140',55.62, False);
INSERT INTO cardapio (restaurante_id, item_id, nome, descricao, preco, disponibilidade) VALUES ('202305', '248',248, 'Item 141', 'Descricao do item 141',43.42, False);
INSERT INTO cardapio (restaurante_id, item_id, nome, descricao, preco, disponibilidade) VALUES ('161763', '157',157, 'Item 142', 'Descricao do item 142',33.33, True);
INSERT INTO cardapio (restaurante_id, item_id, nome, descricao, preco, disponibilidade) VALUES ('882689', '699',699, 'Item 143', 'Descricao do item 143',70.12, False);
INSERT INTO cardapio (restaurante_id, item_id, nome, descricao, preco, disponibilidade) VALUES ('400851', '480',480, 'Item 144', 'Descricao do item 144',92.32, True);
INSERT INTO cardapio (restaurante_id, item_id, nome, descricao, preco, disponibilidade) VALUES ('516536', '463',463, 'Item 145', 'Descricao do item 145',11.7, False);
INSERT INTO cardapio (restaurante_id, item_id, nome, descricao, preco, disponibilidade) VALUES ('400851', '446',446, 'Item 146', 'Descricao do item 146',82.83, True);
INSERT INTO cardapio (restaurante_id, item_id, nome, descricao, preco, disponibilidade) VALUES ('882689', '154',154, 'Item 147', 'Descricao do item 147',18.51, True);
INSERT INTO cardapio (restaurante_id, item_id, nome, descricao, preco, disponibilidade) VALUES ('882689', '980',980, 'Item 148', 'Descricao do item 148',60.95, True);
INSERT INTO cardapio (restaurante_id, item_id, nome, descricao, preco, disponibilidade) VALUES ('897122', '539',539, 'Item 149', 'Descricao do item 149',73.79, False);
INSERT INTO cardapio (restaurante_id, item_id, nome, descricao, preco, disponibilidade) VALUES ('400851', '974',974, 'Item 150', 'Descricao do item 150',73.39, True);
INSERT INTO cardapio (restaurante_id, item_id, nome, descricao, preco, disponibilidade) VALUES ('365193', '582',582, 'Item 151', 'Descricao do item 151',84.6, True);
INSERT INTO cardapio (restaurante_id, item_id, nome, descricao, preco, disponibilidade) VALUES ('202305', '146',146, 'Item 152', 'Descricao do item 152',52.52, True);
INSERT INTO cardapio (restaurante_id, item_id, nome, descricao, preco, disponibilidade) VALUES ('161763', '180',180, 'Item 153', 'Descricao do item 153',46.44, False);
INSERT INTO cardapio (restaurante_id, item_id, nome, descricao, preco, disponibilidade) VALUES ('365193', '701',701, 'Item 154', 'Descricao do item 154',97.78, False);
INSERT INTO cardapio (restaurante_id, item_id, nome, descricao, preco, disponibilidade) VALUES ('216182', '975',975, 'Item 155', 'Descricao do item 155',75.14, False);
INSERT INTO cardapio (restaurante_id, item_id, nome, descricao, preco, disponibilidade) VALUES ('516536', '384',384, 'Item 156', 'Descricao do item 156',93.26, True);
INSERT INTO cardapio (restaurante_id, item_id, nome, descricao, preco, disponibilidade) VALUES ('897122', '738',738, 'Item 157', 'Descricao do item 157',25.84, True);
INSERT INTO cardapio (restaurante_id, item_id, nome, descricao, preco, disponibilidade) VALUES ('516536', '744',744, 'Item 158', 'Descricao do item 158',46.7, True);
INSERT INTO cardapio (restaurante_id, item_id, nome, descricao, preco, disponibilidade) VALUES ('202305', '305',305, 'Item 159', 'Descricao do item 159',91.73, True);
INSERT INTO cardapio (restaurante_id, item_id, nome, descricao, preco, disponibilidade) VALUES ('161763', '189',189, 'Item 160', 'Descricao do item 160',83.81, True);
INSERT INTO cardapio (restaurante_id, item_id, nome, descricao, preco, disponibilidade) VALUES ('897122', '971',971, 'Item 161', 'Descricao do item 161',71.1, True);
INSERT INTO cardapio (restaurante_id, item_id, nome, descricao, preco, disponibilidade) VALUES ('216182', '612',612, 'Item 162', 'Descricao do item 162',13.64, True);
INSERT INTO cardapio (restaurante_id, item_id, nome, descricao, preco, disponibilidade) VALUES ('161763', '476',476, 'Item 163', 'Descricao do item 163',95.04, True);
INSERT INTO cardapio (restaurante_id, item_id, nome, descricao, preco, disponibilidade) VALUES ('856996', '297',297, 'Item 164', 'Descricao do item 164',24.01, True);
INSERT INTO cardapio (restaurante_id, item_id, nome, descricao, preco, disponibilidade) VALUES ('516536', '417',417, 'Item 165', 'Descricao do item 165',66.9, False);
INSERT INTO cardapio (restaurante_id, item_id, nome, descricao, preco, disponibilidade) VALUES ('161763', '122',122, 'Item 166', 'Descricao do item 166',66.15, True);
INSERT INTO cardapio (restaurante_id, item_id, nome, descricao, preco, disponibilidade) VALUES ('161763', '625',625, 'Item 167', 'Descricao do item 167',82.86, True);
INSERT INTO cardapio (restaurante_id, item_id, nome, descricao, preco, disponibilidade) VALUES ('549469', '641',641, 'Item 168', 'Descricao do item 168',38.88, False);
INSERT INTO cardapio (restaurante_id, item_id, nome, descricao, preco, disponibilidade) VALUES ('365193', '751',751, 'Item 169', 'Descricao do item 169',76.63, True);
INSERT INTO cardapio (restaurante_id, item_id, nome, descricao, preco, disponibilidade) VALUES ('365193', '537',537, 'Item 170', 'Descricao do item 170',53.37, False);
INSERT INTO cardapio (restaurante_id, item_id, nome, descricao, preco, disponibilidade) VALUES ('897122', '665',665, 'Item 171', 'Descricao do item 171',13.62, True);
INSERT INTO cardapio (restaurante_id, item_id, nome, descricao, preco, disponibilidade) VALUES ('202305', '992',992, 'Item 172', 'Descricao do item 172',11.35, True);
INSERT INTO cardapio (restaurante_id, item_id, nome, descricao, preco, disponibilidade) VALUES ('216182', '134',134, 'Item 173', 'Descricao do item 173',34.24, True);
INSERT INTO cardapio (restaurante_id, item_id, nome, descricao, preco, disponibilidade) VALUES ('897122', '487',487, 'Item 174', 'Descricao do item 174',72.29, True);
INSERT INTO cardapio (restaurante_id, item_id, nome, descricao, preco, disponibilidade) VALUES ('549469', '183',183, 'Item 175', 'Descricao do item 175',53.79, True);
INSERT INTO cardapio (restaurante_id, item_id, nome, descricao, preco, disponibilidade) VALUES ('400851', '208',208, 'Item 176', 'Descricao do item 176',73.6, True);
INSERT INTO cardapio (restaurante_id, item_id, nome, descricao, preco, disponibilidade) VALUES ('216182', '331',331, 'Item 177', 'Descricao do item 177',83.85, True);
INSERT INTO cardapio (restaurante_id, item_id, nome, descricao, preco, disponibilidade) VALUES ('856996', '588',588, 'Item 178', 'Descricao do item 178',77.57, False);
INSERT INTO cardapio (restaurante_id, item_id, nome, descricao, preco, disponibilidade) VALUES ('365193', '640',640, 'Item 179', 'Descricao do item 179',73.12, False);
INSERT INTO cardapio (restaurante_id, item_id, nome, descricao, preco, disponibilidade) VALUES ('161763', '736',736, 'Item 180', 'Descricao do item 180',73.07, True);
INSERT INTO cardapio (restaurante_id, item_id, nome, descricao, preco, disponibilidade) VALUES ('516536', '749',749, 'Item 181', 'Descricao do item 181',41.82, True);
INSERT INTO cardapio (restaurante_id, item_id, nome, descricao, preco, disponibilidade) VALUES ('897122', '812',812, 'Item 182', 'Descricao do item 182',38.32, True);
INSERT INTO cardapio (restaurante_id, item_id, nome, descricao, preco, disponibilidade) VALUES ('161763', '354',354, 'Item 183', 'Descricao do item 183',69.08, True);
INSERT INTO cardapio (restaurante_id, item_id, nome, descricao, preco, disponibilidade) VALUES ('882689', '167',167, 'Item 184', 'Descricao do item 184',23.12, False);
INSERT INTO cardapio (restaurante_id, item_id, nome, descricao, preco, disponibilidade) VALUES ('516536', '893',893, 'Item 185', 'Descricao do item 185',60.06, True);
INSERT INTO cardapio (restaurante_id, item_id, nome, descricao, preco, disponibilidade) VALUES ('202305', '615',615, 'Item 186', 'Descricao do item 186',42.1, False);
INSERT INTO cardapio (restaurante_id, item_id, nome, descricao, preco, disponibilidade) VALUES ('549469', '293',293, 'Item 187', 'Descricao do item 187',17.81, True);
INSERT INTO cardapio (restaurante_id, item_id, nome, descricao, preco, disponibilidade) VALUES ('516536', '715',715, 'Item 188', 'Descricao do item 188',13.65, True);
INSERT INTO cardapio (restaurante_id, item_id, nome, descricao, preco, disponibilidade) VALUES ('365193', '700',700, 'Item 189', 'Descricao do item 189',59.47, True);
INSERT INTO cardapio (restaurante_id, item_id, nome, descricao, preco, disponibilidade) VALUES ('882689', '873',873, 'Item 190', 'Descricao do item 190',17.21, False);
INSERT INTO cardapio (restaurante_id, item_id, nome, descricao, preco, disponibilidade) VALUES ('161763', '718',718, 'Item 191', 'Descricao do item 191',25.4, True);
INSERT INTO cardapio (restaurante_id, item_id, nome, descricao, preco, disponibilidade) VALUES ('516536', '501',501, 'Item 192', 'Descricao do item 192',97.33, True);
INSERT INTO cardapio (restaurante_id, item_id, nome, descricao, preco, disponibilidade) VALUES ('400851', '560',560, 'Item 193', 'Descricao do item 193',63.01, True);
INSERT INTO cardapio (restaurante_id, item_id, nome, descricao, preco, disponibilidade) VALUES ('161763', '895',895, 'Item 194', 'Descricao do item 194',34.24, False);
INSERT INTO cardapio (restaurante_id, item_id, nome, descricao, preco, disponibilidade) VALUES ('400851', '572',572, 'Item 195', 'Descricao do item 195',22.97, True);
INSERT INTO cardapio (restaurante_id, item_id, nome, descricao, preco, disponibilidade) VALUES ('400851', '185',185, 'Item 196', 'Descricao do item 196',25.91, True);
INSERT INTO cardapio (restaurante_id, item_id, nome, descricao, preco, disponibilidade) VALUES ('161763', '468',468, 'Item 197', 'Descricao do item 197',77.98, True);
INSERT INTO cardapio (restaurante_id, item_id, nome, descricao, preco, disponibilidade) VALUES ('882689', '719',719, 'Item 198', 'Descricao do item 198',55.84, True);
INSERT INTO cardapio (restaurante_id, item_id, nome, descricao, preco, disponibilidade) VALUES ('400851', '722',722, 'Item 199', 'Descricao do item 199',81.58, True);
INSERT INTO cardapio (restaurante_id, item_id, nome, descricao, preco, disponibilidade) VALUES ('549469', '367',367, 'Item 200', 'Descricao do item 200',51.97, False);
