INSERT INTO usuarios (user_ID, CPF, nome, email, senha, endereco, telefone, tipo, avaliacao) VALUES ('121018', '10000000001', 'Nome1 Sobrenome1', 'nome1.sobrenome1@example.com', 'senha001', 'Endereco 1', '55250000001', 'Usuario', NULL);
INSERT INTO usuarios (user_ID, CPF, nome, email, senha, endereco, telefone, tipo, avaliacao) VALUES ('317419', '10000000002', 'Nome2 Sobrenome2', 'nome2.sobrenome2@example.com', 'senha002', 'Endereco 2', '55250000002', 'Usuario', NULL);
INSERT INTO usuarios (user_ID, CPF, nome, email, senha, endereco, telefone, tipo, avaliacao) VALUES ('261325', '10000000003', 'Nome3 Sobrenome3', 'nome3.sobrenome3@example.com', 'senha003', 'Endereco 3', '55250000003', 'Usuario', NULL);
INSERT INTO usuarios (user_ID, CPF, nome, email, senha, endereco, telefone, tipo, avaliacao) VALUES ('812358', '10000000004', 'Nome4 Sobrenome4', 'nome4.sobrenome4@example.com', 'senha004', 'Endereco 4', '55250000004', 'Entregador', 4.3);
INSERT INTO usuarios (user_ID, CPF, nome, email, senha, endereco, telefone, tipo, avaliacao) VALUES ('743257', '10000000005', 'Nome5 Sobrenome5', 'nome5.sobrenome5@example.com', 'senha005', 'Endereco 5', '55250000005', 'Usuario', NULL);
INSERT INTO usuarios (user_ID, CPF, nome, email, senha, endereco, telefone, tipo, avaliacao) VALUES ('803663', '10000000006', 'Nome6 Sobrenome6', 'nome6.sobrenome6@example.com', 'senha006', 'Endereco 6', '55250000006', 'Usuario', NULL);
INSERT INTO usuarios (user_ID, CPF, nome, email, senha, endereco, telefone, tipo, avaliacao) VALUES ('356136', '10000000007', 'Nome7 Sobrenome7', 'nome7.sobrenome7@example.com', 'senha007', 'Endereco 7', '55250000007', 'Entregador', 4.2);
INSERT INTO usuarios (user_ID, CPF, nome, email, senha, endereco, telefone, tipo, avaliacao) VALUES ('154932', '10000000008', 'Nome8 Sobrenome8', 'nome8.sobrenome8@example.com', 'senha008', 'Endereco 8', '55250000008', 'Usuario', NULL);
INSERT INTO usuarios (user_ID, CPF, nome, email, senha, endereco, telefone, tipo, avaliacao) VALUES ('996498', '10000000009', 'Nome9 Sobrenome9', 'nome9.sobrenome9@example.com', 'senha009', 'Endereco 9', '55250000009', 'Administrador', NULL);
INSERT INTO usuarios (user_ID, CPF, nome, email, senha, endereco, telefone, tipo, avaliacao) VALUES ('769696', '10000000010', 'Nome10 Sobrenome10', 'nome10.sobrenome10@example.com', 'senha010', 'Endereco 10', '55250000010', 'Usuario', NULL);
INSERT INTO usuarios (user_ID, CPF, nome, email, senha, endereco, telefone, tipo, avaliacao) VALUES ('549469', '10000000011', 'Restaurante 1', 'nome11.sobrenome11@example.com', 'senha011', 'Endereco 11', '55250000011', 'Restaurante', 4.4);
INSERT INTO usuarios (user_ID, CPF, nome, email, senha, endereco, telefone, tipo, avaliacao) VALUES ('516536', '10000000012', 'Restaurante 2', 'nome12.sobrenome12@example.com', 'senha012', 'Endereco 12', '55250000012', 'Restaurante', 3.3);
INSERT INTO usuarios (user_ID, CPF, nome, email, senha, endereco, telefone, tipo, avaliacao) VALUES ('533324', '10000000013', 'Nome13 Sobrenome13', 'nome13.sobrenome13@example.com', 'senha013', 'Endereco 13', '55250000013', 'Usuario', NULL);
INSERT INTO usuarios (user_ID, CPF, nome, email, senha, endereco, telefone, tipo, avaliacao) VALUES ('482179', '10000000014', 'Nome14 Sobrenome14', 'nome14.sobrenome14@example.com', 'senha014', 'Endereco 14', '55250000014', 'Usuario', NULL);
INSERT INTO usuarios (user_ID, CPF, nome, email, senha, endereco, telefone, tipo, avaliacao) VALUES ('104083', '10000000015', 'Nome15 Sobrenome15', 'nome15.sobrenome15@example.com', 'senha015', 'Endereco 15', '55250000015', 'Usuario', NULL);
INSERT INTO usuarios (user_ID, CPF, nome, email, senha, endereco, telefone, tipo, avaliacao) VALUES ('202305', '10000000016', 'Restaurante 3', 'nome16.sobrenome16@example.com', 'senha016', 'Endereco 16', '55250000016', 'Restaurante', 3.8);
INSERT INTO usuarios (user_ID, CPF, nome, email, senha, endereco, telefone, tipo, avaliacao) VALUES ('581715', '10000000017', 'Nome17 Sobrenome17', 'nome17.sobrenome17@example.com', 'senha017', 'Endereco 17', '55250000017', 'Usuario', NULL);
INSERT INTO usuarios (user_ID, CPF, nome, email, senha, endereco, telefone, tipo, avaliacao) VALUES ('514555', '10000000018', 'Nome18 Sobrenome18', 'nome18.sobrenome18@example.com', 'senha018', 'Endereco 18', '55250000018', 'Usuario', NULL);
INSERT INTO usuarios (user_ID, CPF, nome, email, senha, endereco, telefone, tipo, avaliacao) VALUES ('270807', '10000000019', 'Nome19 Sobrenome19', 'nome19.sobrenome19@example.com', 'senha019', 'Endereco 19', '55250000019', 'Usuario', NULL);
INSERT INTO usuarios (user_ID, CPF, nome, email, senha, endereco, telefone, tipo, avaliacao) VALUES ('939917', '10000000020', 'Nome20 Sobrenome20', 'nome20.sobrenome20@example.com', 'senha020', 'Endereco 20', '55250000020', 'Usuario', NULL);
INSERT INTO usuarios (user_ID, CPF, nome, email, senha, endereco, telefone, tipo, avaliacao) VALUES ('276541', '10000000021', 'Nome21 Sobrenome21', 'nome21.sobrenome21@example.com', 'senha021', 'Endereco 21', '55250000021', 'Usuario', NULL);
INSERT INTO usuarios (user_ID, CPF, nome, email, senha, endereco, telefone, tipo, avaliacao) VALUES ('502854', '10000000022', 'Nome22 Sobrenome22', 'nome22.sobrenome22@example.com', 'senha022', 'Endereco 22', '55250000022', 'Entregador', 3.5);
INSERT INTO usuarios (user_ID, CPF, nome, email, senha, endereco, telefone, tipo, avaliacao) VALUES ('437109', '10000000023', 'Nome23 Sobrenome23', 'nome23.sobrenome23@example.com', 'senha023', 'Endereco 23', '55250000023', 'Entregador', 3.2);
INSERT INTO usuarios (user_ID, CPF, nome, email, senha, endereco, telefone, tipo, avaliacao) VALUES ('897122', '10000000024', 'Restaurante 4', 'nome24.sobrenome24@example.com', 'senha024', 'Endereco 24', '55250000024', 'Restaurante', 4.6);
INSERT INTO usuarios (user_ID, CPF, nome, email, senha, endereco, telefone, tipo, avaliacao) VALUES ('538141', '10000000025', 'Nome25 Sobrenome25', 'nome25.sobrenome25@example.com', 'senha025', 'Endereco 25', '55250000025', 'Entregador', 3.7);
INSERT INTO usuarios (user_ID, CPF, nome, email, senha, endereco, telefone, tipo, avaliacao) VALUES ('263944', '10000000026', 'Nome26 Sobrenome26', 'nome26.sobrenome26@example.com', 'senha026', 'Endereco 26', '55250000026', 'Usuario', NULL);
INSERT INTO usuarios (user_ID, CPF, nome, email, senha, endereco, telefone, tipo, avaliacao) VALUES ('357214', '10000000027', 'Nome27 Sobrenome27', 'nome27.sobrenome27@example.com', 'senha027', 'Endereco 27', '55250000027', 'Usuario', NULL);
INSERT INTO usuarios (user_ID, CPF, nome, email, senha, endereco, telefone, tipo, avaliacao) VALUES ('874850', '10000000028', 'Nome28 Sobrenome28', 'nome28.sobrenome28@example.com', 'senha028', 'Endereco 28', '55250000028', 'Usuario', NULL);
INSERT INTO usuarios (user_ID, CPF, nome, email, senha, endereco, telefone, tipo, avaliacao) VALUES ('992222', '10000000029', 'Nome29 Sobrenome29', 'nome29.sobrenome29@example.com', 'senha029', 'Endereco 29', '55250000029', 'Usuario', NULL);
INSERT INTO usuarios (user_ID, CPF, nome, email, senha, endereco, telefone, tipo, avaliacao) VALUES ('557467', '10000000030', 'Nome30 Sobrenome30', 'nome30.sobrenome30@example.com', 'senha030', 'Endereco 30', '55250000030', 'Usuario', NULL);
INSERT INTO usuarios (user_ID, CPF, nome, email, senha, endereco, telefone, tipo, avaliacao) VALUES ('995329', '10000000031', 'Nome31 Sobrenome31', 'nome31.sobrenome31@example.com', 'senha031', 'Endereco 31', '55250000031', 'Entregador', 3.7);
INSERT INTO usuarios (user_ID, CPF, nome, email, senha, endereco, telefone, tipo, avaliacao) VALUES ('103638', '10000000032', 'Nome32 Sobrenome32', 'nome32.sobrenome32@example.com', 'senha032', 'Endereco 32', '55250000032', 'Entregador', 3.9);
INSERT INTO usuarios (user_ID, CPF, nome, email, senha, endereco, telefone, tipo, avaliacao) VALUES ('118135', '10000000033', 'Nome33 Sobrenome33', 'nome33.sobrenome33@example.com', 'senha033', 'Endereco 33', '55250000033', 'Entregador', 4.5);
INSERT INTO usuarios (user_ID, CPF, nome, email, senha, endereco, telefone, tipo, avaliacao) VALUES ('709925', '10000000034', 'Nome34 Sobrenome34', 'nome34.sobrenome34@example.com', 'senha034', 'Endereco 34', '55250000034', 'Entregador', 3.6);
INSERT INTO usuarios (user_ID, CPF, nome, email, senha, endereco, telefone, tipo, avaliacao) VALUES ('192938', '10000000035', 'Nome35 Sobrenome35', 'nome35.sobrenome35@example.com', 'senha035', 'Endereco 35', '55250000035', 'Usuario', NULL);
INSERT INTO usuarios (user_ID, CPF, nome, email, senha, endereco, telefone, tipo, avaliacao) VALUES ('920393', '10000000036', 'Nome36 Sobrenome36', 'nome36.sobrenome36@example.com', 'senha036', 'Endereco 36', '55250000036', 'Usuario', NULL);
INSERT INTO usuarios (user_ID, CPF, nome, email, senha, endereco, telefone, tipo, avaliacao) VALUES ('974709', '10000000037', 'Nome37 Sobrenome37', 'nome37.sobrenome37@example.com', 'senha037', 'Endereco 37', '55250000037', 'Entregador', 3.1);
INSERT INTO usuarios (user_ID, CPF, nome, email, senha, endereco, telefone, tipo, avaliacao) VALUES ('817465', '10000000038', 'Nome38 Sobrenome38', 'nome38.sobrenome38@example.com', 'senha038', 'Endereco 38', '55250000038', 'Usuario', NULL);
INSERT INTO usuarios (user_ID, CPF, nome, email, senha, endereco, telefone, tipo, avaliacao) VALUES ('878294', '10000000039', 'Nome39 Sobrenome39', 'nome39.sobrenome39@example.com', 'senha039', 'Endereco 39', '55250000039', 'Usuario', NULL);
INSERT INTO usuarios (user_ID, CPF, nome, email, senha, endereco, telefone, tipo, avaliacao) VALUES ('799124', '10000000040', 'Nome40 Sobrenome40', 'nome40.sobrenome40@example.com', 'senha040', 'Endereco 40', '55250000040', 'Usuario', NULL);
INSERT INTO usuarios (user_ID, CPF, nome, email, senha, endereco, telefone, tipo, avaliacao) VALUES ('184193', '10000000041', 'Nome41 Sobrenome41', 'nome41.sobrenome41@example.com', 'senha041', 'Endereco 41', '55250000041', 'Usuario', NULL);
INSERT INTO usuarios (user_ID, CPF, nome, email, senha, endereco, telefone, tipo, avaliacao) VALUES ('509089', '10000000042', 'Nome42 Sobrenome42', 'nome42.sobrenome42@example.com', 'senha042', 'Endereco 42', '55250000042', 'Entregador', 3.2);
INSERT INTO usuarios (user_ID, CPF, nome, email, senha, endereco, telefone, tipo, avaliacao) VALUES ('206680', '10000000043', 'Nome43 Sobrenome43', 'nome43.sobrenome43@example.com', 'senha043', 'Endereco 43', '55250000043', 'Entregador', 4.0);
INSERT INTO usuarios (user_ID, CPF, nome, email, senha, endereco, telefone, tipo, avaliacao) VALUES ('191035', '10000000044', 'Nome44 Sobrenome44', 'nome44.sobrenome44@example.com', 'senha044', 'Endereco 44', '55250000044', 'Usuario', NULL);
INSERT INTO usuarios (user_ID, CPF, nome, email, senha, endereco, telefone, tipo, avaliacao) VALUES ('343471', '10000000045', 'Nome45 Sobrenome45', 'nome45.sobrenome45@example.com', 'senha045', 'Endereco 45', '55250000045', 'Usuario', NULL);
INSERT INTO usuarios (user_ID, CPF, nome, email, senha, endereco, telefone, tipo, avaliacao) VALUES ('309616', '10000000046', 'Nome46 Sobrenome46', 'nome46.sobrenome46@example.com', 'senha046', 'Endereco 46', '55250000046', 'Usuario', NULL);
INSERT INTO usuarios (user_ID, CPF, nome, email, senha, endereco, telefone, tipo, avaliacao) VALUES ('705809', '10000000047', 'Nome47 Sobrenome47', 'nome47.sobrenome47@example.com', 'senha047', 'Endereco 47', '55250000047', 'Usuario', NULL);
INSERT INTO usuarios (user_ID, CPF, nome, email, senha, endereco, telefone, tipo, avaliacao) VALUES ('437534', '10000000048', 'Nome48 Sobrenome48', 'nome48.sobrenome48@example.com', 'senha048', 'Endereco 48', '55250000048', 'Usuario', NULL);
INSERT INTO usuarios (user_ID, CPF, nome, email, senha, endereco, telefone, tipo, avaliacao) VALUES ('412195', '10000000049', 'Nome49 Sobrenome49', 'nome49.sobrenome49@example.com', 'senha049', 'Endereco 49', '55250000049', 'Usuario', NULL);
INSERT INTO usuarios (user_ID, CPF, nome, email, senha, endereco, telefone, tipo, avaliacao) VALUES ('306775', '10000000050', 'Nome50 Sobrenome50', 'nome50.sobrenome50@example.com', 'senha050', 'Endereco 50', '55250000050', 'Usuario', NULL);
INSERT INTO usuarios (user_ID, CPF, nome, email, senha, endereco, telefone, tipo, avaliacao) VALUES ('641539', '10000000051', 'Nome51 Sobrenome51', 'nome51.sobrenome51@example.com', 'senha051', 'Endereco 51', '55250000051', 'Usuario', NULL);
INSERT INTO usuarios (user_ID, CPF, nome, email, senha, endereco, telefone, tipo, avaliacao) VALUES ('161174', '10000000052', 'Nome52 Sobrenome52', 'nome52.sobrenome52@example.com', 'senha052', 'Endereco 52', '55250000052', 'Entregador', 3.8);
INSERT INTO usuarios (user_ID, CPF, nome, email, senha, endereco, telefone, tipo, avaliacao) VALUES ('444722', '10000000053', 'Nome53 Sobrenome53', 'nome53.sobrenome53@example.com', 'senha053', 'Endereco 53', '55250000053', 'Usuario', NULL);
INSERT INTO usuarios (user_ID, CPF, nome, email, senha, endereco, telefone, tipo, avaliacao) VALUES ('571266', '10000000054', 'Nome54 Sobrenome54', 'nome54.sobrenome54@example.com', 'senha054', 'Endereco 54', '55250000054', 'Usuario', NULL);
INSERT INTO usuarios (user_ID, CPF, nome, email, senha, endereco, telefone, tipo, avaliacao) VALUES ('216182', '10000000055', 'Restaurante 5', 'nome55.sobrenome55@example.com', 'senha055', 'Endereco 55', '55250000055', 'Restaurante', 3.2);
INSERT INTO usuarios (user_ID, CPF, nome, email, senha, endereco, telefone, tipo, avaliacao) VALUES ('121276', '10000000056', 'Nome56 Sobrenome56', 'nome56.sobrenome56@example.com', 'senha056', 'Endereco 56', '55250000056', 'Usuario', NULL);
INSERT INTO usuarios (user_ID, CPF, nome, email, senha, endereco, telefone, tipo, avaliacao) VALUES ('322061', '10000000057', 'Nome57 Sobrenome57', 'nome57.sobrenome57@example.com', 'senha057', 'Endereco 57', '55250000057', 'Entregador', 3.9);
INSERT INTO usuarios (user_ID, CPF, nome, email, senha, endereco, telefone, tipo, avaliacao) VALUES ('602461', '10000000058', 'Nome58 Sobrenome58', 'nome58.sobrenome58@example.com', 'senha058', 'Endereco 58', '55250000058', 'Entregador', 3.7);
INSERT INTO usuarios (user_ID, CPF, nome, email, senha, endereco, telefone, tipo, avaliacao) VALUES ('579127', '10000000059', 'Nome59 Sobrenome59', 'nome59.sobrenome59@example.com', 'senha059', 'Endereco 59', '55250000059', 'Entregador', 4.7);
INSERT INTO usuarios (user_ID, CPF, nome, email, senha, endereco, telefone, tipo, avaliacao) VALUES ('491707', '10000000060', 'Nome60 Sobrenome60', 'nome60.sobrenome60@example.com', 'senha060', 'Endereco 60', '55250000060', 'Entregador', 4.8);
INSERT INTO usuarios (user_ID, CPF, nome, email, senha, endereco, telefone, tipo, avaliacao) VALUES ('492781', '10000000061', 'Nome61 Sobrenome61', 'nome61.sobrenome61@example.com', 'senha061', 'Endereco 61', '55250000061', 'Usuario', NULL);
INSERT INTO usuarios (user_ID, CPF, nome, email, senha, endereco, telefone, tipo, avaliacao) VALUES ('588456', '10000000062', 'Nome62 Sobrenome62', 'nome62.sobrenome62@example.com', 'senha062', 'Endereco 62', '55250000062', 'Usuario', NULL);
INSERT INTO usuarios (user_ID, CPF, nome, email, senha, endereco, telefone, tipo, avaliacao) VALUES ('138528', '10000000063', 'Nome63 Sobrenome63', 'nome63.sobrenome63@example.com', 'senha063', 'Endereco 63', '55250000063', 'Entregador', 3.8);
INSERT INTO usuarios (user_ID, CPF, nome, email, senha, endereco, telefone, tipo, avaliacao) VALUES ('835548', '10000000064', 'Nome64 Sobrenome64', 'nome64.sobrenome64@example.com', 'senha064', 'Endereco 64', '55250000064', 'Usuario', NULL);
INSERT INTO usuarios (user_ID, CPF, nome, email, senha, endereco, telefone, tipo, avaliacao) VALUES ('136972', '10000000065', 'Nome65 Sobrenome65', 'nome65.sobrenome65@example.com', 'senha065', 'Endereco 65', '55250000065', 'Usuario', NULL);
INSERT INTO usuarios (user_ID, CPF, nome, email, senha, endereco, telefone, tipo, avaliacao) VALUES ('984918', '10000000066', 'Nome66 Sobrenome66', 'nome66.sobrenome66@example.com', 'senha066', 'Endereco 66', '55250000066', 'Usuario', NULL);
INSERT INTO usuarios (user_ID, CPF, nome, email, senha, endereco, telefone, tipo, avaliacao) VALUES ('777854', '10000000067', 'Nome67 Sobrenome67', 'nome67.sobrenome67@example.com', 'senha067', 'Endereco 67', '55250000067', 'Usuario', NULL);
INSERT INTO usuarios (user_ID, CPF, nome, email, senha, endereco, telefone, tipo, avaliacao) VALUES ('921982', '10000000068', 'Nome68 Sobrenome68', 'nome68.sobrenome68@example.com', 'senha068', 'Endereco 68', '55250000068', 'Usuario', NULL);
INSERT INTO usuarios (user_ID, CPF, nome, email, senha, endereco, telefone, tipo, avaliacao) VALUES ('499720', '10000000069', 'Nome69 Sobrenome69', 'nome69.sobrenome69@example.com', 'senha069', 'Endereco 69', '55250000069', 'Entregador', 4.7);
INSERT INTO usuarios (user_ID, CPF, nome, email, senha, endereco, telefone, tipo, avaliacao) VALUES ('839146', '10000000070', 'Nome70 Sobrenome70', 'nome70.sobrenome70@example.com', 'senha070', 'Endereco 70', '55250000070', 'Administrador', NULL);
INSERT INTO usuarios (user_ID, CPF, nome, email, senha, endereco, telefone, tipo, avaliacao) VALUES ('232959', '10000000071', 'Nome71 Sobrenome71', 'nome71.sobrenome71@example.com', 'senha071', 'Endereco 71', '55250000071', 'Usuario', NULL);
INSERT INTO usuarios (user_ID, CPF, nome, email, senha, endereco, telefone, tipo, avaliacao) VALUES ('777605', '10000000072', 'Nome72 Sobrenome72', 'nome72.sobrenome72@example.com', 'senha072', 'Endereco 72', '55250000072', 'Usuario', NULL);
INSERT INTO usuarios (user_ID, CPF, nome, email, senha, endereco, telefone, tipo, avaliacao) VALUES ('325854', '10000000073', 'Nome73 Sobrenome73', 'nome73.sobrenome73@example.com', 'senha073', 'Endereco 73', '55250000073', 'Usuario', NULL);
INSERT INTO usuarios (user_ID, CPF, nome, email, senha, endereco, telefone, tipo, avaliacao) VALUES ('913559', '10000000074', 'Nome74 Sobrenome74', 'nome74.sobrenome74@example.com', 'senha074', 'Endereco 74', '55250000074', 'Usuario', NULL);
INSERT INTO usuarios (user_ID, CPF, nome, email, senha, endereco, telefone, tipo, avaliacao) VALUES ('620178', '10000000075', 'Nome75 Sobrenome75', 'nome75.sobrenome75@example.com', 'senha075', 'Endereco 75', '55250000075', 'Usuario', NULL);
INSERT INTO usuarios (user_ID, CPF, nome, email, senha, endereco, telefone, tipo, avaliacao) VALUES ('942891', '10000000076', 'Nome76 Sobrenome76', 'nome76.sobrenome76@example.com', 'senha076', 'Endereco 76', '55250000076', 'Usuario', NULL);
INSERT INTO usuarios (user_ID, CPF, nome, email, senha, endereco, telefone, tipo, avaliacao) VALUES ('870232', '10000000077', 'Nome77 Sobrenome77', 'nome77.sobrenome77@example.com', 'senha077', 'Endereco 77', '55250000077', 'Usuario', NULL);
INSERT INTO usuarios (user_ID, CPF, nome, email, senha, endereco, telefone, tipo, avaliacao) VALUES ('278837', '10000000078', 'Nome78 Sobrenome78', 'nome78.sobrenome78@example.com', 'senha078', 'Endereco 78', '55250000078', 'Usuario', NULL);
INSERT INTO usuarios (user_ID, CPF, nome, email, senha, endereco, telefone, tipo, avaliacao) VALUES ('990404', '10000000079', 'Nome79 Sobrenome79', 'nome79.sobrenome79@example.com', 'senha079', 'Endereco 79', '55250000079', 'Usuario', NULL);
INSERT INTO usuarios (user_ID, CPF, nome, email, senha, endereco, telefone, tipo, avaliacao) VALUES ('624595', '10000000080', 'Nome80 Sobrenome80', 'nome80.sobrenome80@example.com', 'senha080', 'Endereco 80', '55250000080', 'Usuario', NULL);
INSERT INTO usuarios (user_ID, CPF, nome, email, senha, endereco, telefone, tipo, avaliacao) VALUES ('238870', '10000000081', 'Nome81 Sobrenome81', 'nome81.sobrenome81@example.com', 'senha081', 'Endereco 81', '55250000081', 'Usuario', NULL);
INSERT INTO usuarios (user_ID, CPF, nome, email, senha, endereco, telefone, tipo, avaliacao) VALUES ('300606', '10000000082', 'Nome82 Sobrenome82', 'nome82.sobrenome82@example.com', 'senha082', 'Endereco 82', '55250000082', 'Entregador', 3.9);
INSERT INTO usuarios (user_ID, CPF, nome, email, senha, endereco, telefone, tipo, avaliacao) VALUES ('825617', '10000000083', 'Nome83 Sobrenome83', 'nome83.sobrenome83@example.com', 'senha083', 'Endereco 83', '55250000083', 'Usuario', NULL);
INSERT INTO usuarios (user_ID, CPF, nome, email, senha, endereco, telefone, tipo, avaliacao) VALUES ('302763', '10000000084', 'Nome84 Sobrenome84', 'nome84.sobrenome84@example.com', 'senha084', 'Endereco 84', '55250000084', 'Usuario', NULL);
INSERT INTO usuarios (user_ID, CPF, nome, email, senha, endereco, telefone, tipo, avaliacao) VALUES ('852309', '10000000085', 'Nome85 Sobrenome85', 'nome85.sobrenome85@example.com', 'senha085', 'Endereco 85', '55250000085', 'Usuario', NULL);
INSERT INTO usuarios (user_ID, CPF, nome, email, senha, endereco, telefone, tipo, avaliacao) VALUES ('558560', '10000000086', 'Nome86 Sobrenome86', 'nome86.sobrenome86@example.com', 'senha086', 'Endereco 86', '55250000086', 'Usuario', NULL);
INSERT INTO usuarios (user_ID, CPF, nome, email, senha, endereco, telefone, tipo, avaliacao) VALUES ('789959', '10000000087', 'Nome87 Sobrenome87', 'nome87.sobrenome87@example.com', 'senha087', 'Endereco 87', '55250000087', 'Usuario', NULL);
INSERT INTO usuarios (user_ID, CPF, nome, email, senha, endereco, telefone, tipo, avaliacao) VALUES ('678871', '10000000088', 'Nome88 Sobrenome88', 'nome88.sobrenome88@example.com', 'senha088', 'Endereco 88', '55250000088', 'Usuario', NULL);
INSERT INTO usuarios (user_ID, CPF, nome, email, senha, endereco, telefone, tipo, avaliacao) VALUES ('106768', '10000000089', 'Nome89 Sobrenome89', 'nome89.sobrenome89@example.com', 'senha089', 'Endereco 89', '55250000089', 'Usuario', NULL);
INSERT INTO usuarios (user_ID, CPF, nome, email, senha, endereco, telefone, tipo, avaliacao) VALUES ('465717', '10000000090', 'Nome90 Sobrenome90', 'nome90.sobrenome90@example.com', 'senha090', 'Endereco 90', '55250000090', 'Usuario', NULL);
INSERT INTO usuarios (user_ID, CPF, nome, email, senha, endereco, telefone, tipo, avaliacao) VALUES ('133689', '10000000091', 'Nome91 Sobrenome91', 'nome91.sobrenome91@example.com', 'senha091', 'Endereco 91', '55250000091', 'Entregador', 4.7);
INSERT INTO usuarios (user_ID, CPF, nome, email, senha, endereco, telefone, tipo, avaliacao) VALUES ('431060', '10000000092', 'Nome92 Sobrenome92', 'nome92.sobrenome92@example.com', 'senha092', 'Endereco 92', '55250000092', 'Administrador', NULL);
INSERT INTO usuarios (user_ID, CPF, nome, email, senha, endereco, telefone, tipo, avaliacao) VALUES ('545345', '10000000093', 'Nome93 Sobrenome93', 'nome93.sobrenome93@example.com', 'senha093', 'Endereco 93', '55250000093', 'Administrador', NULL);
INSERT INTO usuarios (user_ID, CPF, nome, email, senha, endereco, telefone, tipo, avaliacao) VALUES ('551369', '10000000094', 'Nome94 Sobrenome94', 'nome94.sobrenome94@example.com', 'senha094', 'Endereco 94', '55250000094', 'Usuario', NULL);
INSERT INTO usuarios (user_ID, CPF, nome, email, senha, endereco, telefone, tipo, avaliacao) VALUES ('589694', '10000000095', 'Nome95 Sobrenome95', 'nome95.sobrenome95@example.com', 'senha095', 'Endereco 95', '55250000095', 'Entregador', 4.5);
INSERT INTO usuarios (user_ID, CPF, nome, email, senha, endereco, telefone, tipo, avaliacao) VALUES ('978846', '10000000096', 'Nome96 Sobrenome96', 'nome96.sobrenome96@example.com', 'senha096', 'Endereco 96', '55250000096', 'Entregador', 3.4);
INSERT INTO usuarios (user_ID, CPF, nome, email, senha, endereco, telefone, tipo, avaliacao) VALUES ('417177', '10000000097', 'Nome97 Sobrenome97', 'nome97.sobrenome97@example.com', 'senha097', 'Endereco 97', '55250000097', 'Administrador', NULL);
INSERT INTO usuarios (user_ID, CPF, nome, email, senha, endereco, telefone, tipo, avaliacao) VALUES ('884298', '10000000098', 'Nome98 Sobrenome98', 'nome98.sobrenome98@example.com', 'senha098', 'Endereco 98', '55250000098', 'Usuario', NULL);
INSERT INTO usuarios (user_ID, CPF, nome, email, senha, endereco, telefone, tipo, avaliacao) VALUES ('656995', '10000000099', 'Nome99 Sobrenome99', 'nome99.sobrenome99@example.com', 'senha099', 'Endereco 99', '55250000099', 'Usuario', NULL);
INSERT INTO usuarios (user_ID, CPF, nome, email, senha, endereco, telefone, tipo, avaliacao) VALUES ('777768', '10000000100', 'Nome100 Sobrenome100', 'nome100.sobrenome100@example.com', 'senha100', 'Endereco 100', '55250000100', 'Entregador', 3.6);
INSERT INTO usuarios (user_ID, CPF, nome, email, senha, endereco, telefone, tipo, avaliacao) VALUES ('268469', '10000000101', 'Nome101 Sobrenome101', 'nome101.sobrenome101@example.com', 'senha101', 'Endereco 101', '55250000101', 'Usuario', NULL);
INSERT INTO usuarios (user_ID, CPF, nome, email, senha, endereco, telefone, tipo, avaliacao) VALUES ('636305', '10000000102', 'Nome102 Sobrenome102', 'nome102.sobrenome102@example.com', 'senha102', 'Endereco 102', '55250000102', 'Administrador', NULL);
INSERT INTO usuarios (user_ID, CPF, nome, email, senha, endereco, telefone, tipo, avaliacao) VALUES ('174581', '10000000103', 'Nome103 Sobrenome103', 'nome103.sobrenome103@example.com', 'senha103', 'Endereco 103', '55250000103', 'Entregador', 4.4);
INSERT INTO usuarios (user_ID, CPF, nome, email, senha, endereco, telefone, tipo, avaliacao) VALUES ('227496', '10000000104', 'Nome104 Sobrenome104', 'nome104.sobrenome104@example.com', 'senha104', 'Endereco 104', '55250000104', 'Usuario', NULL);
INSERT INTO usuarios (user_ID, CPF, nome, email, senha, endereco, telefone, tipo, avaliacao) VALUES ('834031', '10000000105', 'Nome105 Sobrenome105', 'nome105.sobrenome105@example.com', 'senha105', 'Endereco 105', '55250000105', 'Usuario', NULL);
INSERT INTO usuarios (user_ID, CPF, nome, email, senha, endereco, telefone, tipo, avaliacao) VALUES ('962397', '10000000106', 'Nome106 Sobrenome106', 'nome106.sobrenome106@example.com', 'senha106', 'Endereco 106', '55250000106', 'Entregador', 3.7);
INSERT INTO usuarios (user_ID, CPF, nome, email, senha, endereco, telefone, tipo, avaliacao) VALUES ('909942', '10000000107', 'Nome107 Sobrenome107', 'nome107.sobrenome107@example.com', 'senha107', 'Endereco 107', '55250000107', 'Usuario', NULL);
INSERT INTO usuarios (user_ID, CPF, nome, email, senha, endereco, telefone, tipo, avaliacao) VALUES ('139475', '10000000108', 'Nome108 Sobrenome108', 'nome108.sobrenome108@example.com', 'senha108', 'Endereco 108', '55250000108', 'Usuario', NULL);
INSERT INTO usuarios (user_ID, CPF, nome, email, senha, endereco, telefone, tipo, avaliacao) VALUES ('463145', '10000000109', 'Nome109 Sobrenome109', 'nome109.sobrenome109@example.com', 'senha109', 'Endereco 109', '55250000109', 'Entregador', 4.3);
INSERT INTO usuarios (user_ID, CPF, nome, email, senha, endereco, telefone, tipo, avaliacao) VALUES ('670719', '10000000110', 'Nome110 Sobrenome110', 'nome110.sobrenome110@example.com', 'senha110', 'Endereco 110', '55250000110', 'Entregador', 4.4);
INSERT INTO usuarios (user_ID, CPF, nome, email, senha, endereco, telefone, tipo, avaliacao) VALUES ('743318', '10000000111', 'Nome111 Sobrenome111', 'nome111.sobrenome111@example.com', 'senha111', 'Endereco 111', '55250000111', 'Usuario', NULL);
INSERT INTO usuarios (user_ID, CPF, nome, email, senha, endereco, telefone, tipo, avaliacao) VALUES ('710928', '10000000112', 'Nome112 Sobrenome112', 'nome112.sobrenome112@example.com', 'senha112', 'Endereco 112', '55250000112', 'Usuario', NULL);
INSERT INTO usuarios (user_ID, CPF, nome, email, senha, endereco, telefone, tipo, avaliacao) VALUES ('361711', '10000000113', 'Nome113 Sobrenome113', 'nome113.sobrenome113@example.com', 'senha113', 'Endereco 113', '55250000113', 'Usuario', NULL);
INSERT INTO usuarios (user_ID, CPF, nome, email, senha, endereco, telefone, tipo, avaliacao) VALUES ('347793', '10000000114', 'Nome114 Sobrenome114', 'nome114.sobrenome114@example.com', 'senha114', 'Endereco 114', '55250000114', 'Entregador', 3.3);
INSERT INTO usuarios (user_ID, CPF, nome, email, senha, endereco, telefone, tipo, avaliacao) VALUES ('130100', '10000000115', 'Nome115 Sobrenome115', 'nome115.sobrenome115@example.com', 'senha115', 'Endereco 115', '55250000115', 'Usuario', NULL);
INSERT INTO usuarios (user_ID, CPF, nome, email, senha, endereco, telefone, tipo, avaliacao) VALUES ('928944', '10000000116', 'Nome116 Sobrenome116', 'nome116.sobrenome116@example.com', 'senha116', 'Endereco 116', '55250000116', 'Administrador', NULL);
INSERT INTO usuarios (user_ID, CPF, nome, email, senha, endereco, telefone, tipo, avaliacao) VALUES ('977611', '10000000117', 'Nome117 Sobrenome117', 'nome117.sobrenome117@example.com', 'senha117', 'Endereco 117', '55250000117', 'Usuario', NULL);
INSERT INTO usuarios (user_ID, CPF, nome, email, senha, endereco, telefone, tipo, avaliacao) VALUES ('481767', '10000000118', 'Nome118 Sobrenome118', 'nome118.sobrenome118@example.com', 'senha118', 'Endereco 118', '55250000118', 'Usuario', NULL);
INSERT INTO usuarios (user_ID, CPF, nome, email, senha, endereco, telefone, tipo, avaliacao) VALUES ('805310', '10000000119', 'Nome119 Sobrenome119', 'nome119.sobrenome119@example.com', 'senha119', 'Endereco 119', '55250000119', 'Entregador', 4.3);
INSERT INTO usuarios (user_ID, CPF, nome, email, senha, endereco, telefone, tipo, avaliacao) VALUES ('714827', '10000000120', 'Nome120 Sobrenome120', 'nome120.sobrenome120@example.com', 'senha120', 'Endereco 120', '55250000120', 'Usuario', NULL);
INSERT INTO usuarios (user_ID, CPF, nome, email, senha, endereco, telefone, tipo, avaliacao) VALUES ('895254', '10000000121', 'Nome121 Sobrenome121', 'nome121.sobrenome121@example.com', 'senha121', 'Endereco 121', '55250000121', 'Usuario', NULL);
INSERT INTO usuarios (user_ID, CPF, nome, email, senha, endereco, telefone, tipo, avaliacao) VALUES ('882666', '10000000122', 'Nome122 Sobrenome122', 'nome122.sobrenome122@example.com', 'senha122', 'Endereco 122', '55250000122', 'Entregador', 4.8);
INSERT INTO usuarios (user_ID, CPF, nome, email, senha, endereco, telefone, tipo, avaliacao) VALUES ('860801', '10000000123', 'Nome123 Sobrenome123', 'nome123.sobrenome123@example.com', 'senha123', 'Endereco 123', '55250000123', 'Usuario', NULL);
INSERT INTO usuarios (user_ID, CPF, nome, email, senha, endereco, telefone, tipo, avaliacao) VALUES ('685635', '10000000124', 'Nome124 Sobrenome124', 'nome124.sobrenome124@example.com', 'senha124', 'Endereco 124', '55250000124', 'Usuario', NULL);
INSERT INTO usuarios (user_ID, CPF, nome, email, senha, endereco, telefone, tipo, avaliacao) VALUES ('491377', '10000000125', 'Nome125 Sobrenome125', 'nome125.sobrenome125@example.com', 'senha125', 'Endereco 125', '55250000125', 'Usuario', NULL);
INSERT INTO usuarios (user_ID, CPF, nome, email, senha, endereco, telefone, tipo, avaliacao) VALUES ('697825', '10000000126', 'Nome126 Sobrenome126', 'nome126.sobrenome126@example.com', 'senha126', 'Endereco 126', '55250000126', 'Usuario', NULL);
INSERT INTO usuarios (user_ID, CPF, nome, email, senha, endereco, telefone, tipo, avaliacao) VALUES ('356008', '10000000127', 'Nome127 Sobrenome127', 'nome127.sobrenome127@example.com', 'senha127', 'Endereco 127', '55250000127', 'Usuario', NULL);
INSERT INTO usuarios (user_ID, CPF, nome, email, senha, endereco, telefone, tipo, avaliacao) VALUES ('541146', '10000000128', 'Nome128 Sobrenome128', 'nome128.sobrenome128@example.com', 'senha128', 'Endereco 128', '55250000128', 'Usuario', NULL);
INSERT INTO usuarios (user_ID, CPF, nome, email, senha, endereco, telefone, tipo, avaliacao) VALUES ('721086', '10000000129', 'Nome129 Sobrenome129', 'nome129.sobrenome129@example.com', 'senha129', 'Endereco 129', '55250000129', 'Usuario', NULL);
INSERT INTO usuarios (user_ID, CPF, nome, email, senha, endereco, telefone, tipo, avaliacao) VALUES ('916998', '10000000130', 'Nome130 Sobrenome130', 'nome130.sobrenome130@example.com', 'senha130', 'Endereco 130', '55250000130', 'Usuario', NULL);
INSERT INTO usuarios (user_ID, CPF, nome, email, senha, endereco, telefone, tipo, avaliacao) VALUES ('643380', '10000000131', 'Nome131 Sobrenome131', 'nome131.sobrenome131@example.com', 'senha131', 'Endereco 131', '55250000131', 'Entregador', 3.7);
INSERT INTO usuarios (user_ID, CPF, nome, email, senha, endereco, telefone, tipo, avaliacao) VALUES ('767711', '10000000132', 'Nome132 Sobrenome132', 'nome132.sobrenome132@example.com', 'senha132', 'Endereco 132', '55250000132', 'Usuario', NULL);
INSERT INTO usuarios (user_ID, CPF, nome, email, senha, endereco, telefone, tipo, avaliacao) VALUES ('689285', '10000000133', 'Nome133 Sobrenome133', 'nome133.sobrenome133@example.com', 'senha133', 'Endereco 133', '55250000133', 'Usuario', NULL);
INSERT INTO usuarios (user_ID, CPF, nome, email, senha, endereco, telefone, tipo, avaliacao) VALUES ('630238', '10000000134', 'Nome134 Sobrenome134', 'nome134.sobrenome134@example.com', 'senha134', 'Endereco 134', '55250000134', 'Usuario', NULL);
INSERT INTO usuarios (user_ID, CPF, nome, email, senha, endereco, telefone, tipo, avaliacao) VALUES ('795611', '10000000135', 'Nome135 Sobrenome135', 'nome135.sobrenome135@example.com', 'senha135', 'Endereco 135', '55250000135', 'Entregador', 4.0);
INSERT INTO usuarios (user_ID, CPF, nome, email, senha, endereco, telefone, tipo, avaliacao) VALUES ('534819', '10000000136', 'Nome136 Sobrenome136', 'nome136.sobrenome136@example.com', 'senha136', 'Endereco 136', '55250000136', 'Usuario', NULL);
INSERT INTO usuarios (user_ID, CPF, nome, email, senha, endereco, telefone, tipo, avaliacao) VALUES ('983564', '10000000137', 'Nome137 Sobrenome137', 'nome137.sobrenome137@example.com', 'senha137', 'Endereco 137', '55250000137', 'Usuario', NULL);
INSERT INTO usuarios (user_ID, CPF, nome, email, senha, endereco, telefone, tipo, avaliacao) VALUES ('182064', '10000000138', 'Nome138 Sobrenome138', 'nome138.sobrenome138@example.com', 'senha138', 'Endereco 138', '55250000138', 'Entregador', 3.2);
INSERT INTO usuarios (user_ID, CPF, nome, email, senha, endereco, telefone, tipo, avaliacao) VALUES ('528717', '10000000139', 'Nome139 Sobrenome139', 'nome139.sobrenome139@example.com', 'senha139', 'Endereco 139', '55250000139', 'Usuario', NULL);
INSERT INTO usuarios (user_ID, CPF, nome, email, senha, endereco, telefone, tipo, avaliacao) VALUES ('225662', '10000000140', 'Nome140 Sobrenome140', 'nome140.sobrenome140@example.com', 'senha140', 'Endereco 140', '55250000140', 'Administrador', NULL);
INSERT INTO usuarios (user_ID, CPF, nome, email, senha, endereco, telefone, tipo, avaliacao) VALUES ('721495', '10000000141', 'Nome141 Sobrenome141', 'nome141.sobrenome141@example.com', 'senha141', 'Endereco 141', '55250000141', 'Usuario', NULL);
INSERT INTO usuarios (user_ID, CPF, nome, email, senha, endereco, telefone, tipo, avaliacao) VALUES ('818866', '10000000142', 'Nome142 Sobrenome142', 'nome142.sobrenome142@example.com', 'senha142', 'Endereco 142', '55250000142', 'Usuario', NULL);
INSERT INTO usuarios (user_ID, CPF, nome, email, senha, endereco, telefone, tipo, avaliacao) VALUES ('283172', '10000000143', 'Nome143 Sobrenome143', 'nome143.sobrenome143@example.com', 'senha143', 'Endereco 143', '55250000143', 'Usuario', NULL);
INSERT INTO usuarios (user_ID, CPF, nome, email, senha, endereco, telefone, tipo, avaliacao) VALUES ('101011', '10000000144', 'Nome144 Sobrenome144', 'nome144.sobrenome144@example.com', 'senha144', 'Endereco 144', '55250000144', 'Usuario', NULL);
INSERT INTO usuarios (user_ID, CPF, nome, email, senha, endereco, telefone, tipo, avaliacao) VALUES ('221700', '10000000145', 'Nome145 Sobrenome145', 'nome145.sobrenome145@example.com', 'senha145', 'Endereco 145', '55250000145', 'Usuario', NULL);
INSERT INTO usuarios (user_ID, CPF, nome, email, senha, endereco, telefone, tipo, avaliacao) VALUES ('143408', '10000000146', 'Nome146 Sobrenome146', 'nome146.sobrenome146@example.com', 'senha146', 'Endereco 146', '55250000146', 'Usuario', NULL);
INSERT INTO usuarios (user_ID, CPF, nome, email, senha, endereco, telefone, tipo, avaliacao) VALUES ('894492', '10000000147', 'Nome147 Sobrenome147', 'nome147.sobrenome147@example.com', 'senha147', 'Endereco 147', '55250000147', 'Usuario', NULL);
INSERT INTO usuarios (user_ID, CPF, nome, email, senha, endereco, telefone, tipo, avaliacao) VALUES ('753328', '10000000148', 'Nome148 Sobrenome148', 'nome148.sobrenome148@example.com', 'senha148', 'Endereco 148', '55250000148', 'Usuario', NULL);
INSERT INTO usuarios (user_ID, CPF, nome, email, senha, endereco, telefone, tipo, avaliacao) VALUES ('739748', '10000000149', 'Nome149 Sobrenome149', 'nome149.sobrenome149@example.com', 'senha149', 'Endereco 149', '55250000149', 'Usuario', NULL);
INSERT INTO usuarios (user_ID, CPF, nome, email, senha, endereco, telefone, tipo, avaliacao) VALUES ('144409', '10000000150', 'Nome150 Sobrenome150', 'nome150.sobrenome150@example.com', 'senha150', 'Endereco 150', '55250000150', 'Usuario', NULL);
INSERT INTO usuarios (user_ID, CPF, nome, email, senha, endereco, telefone, tipo, avaliacao) VALUES ('301201', '10000000151', 'Nome151 Sobrenome151', 'nome151.sobrenome151@example.com', 'senha151', 'Endereco 151', '55250000151', 'Usuario', NULL);
INSERT INTO usuarios (user_ID, CPF, nome, email, senha, endereco, telefone, tipo, avaliacao) VALUES ('948769', '10000000152', 'Nome152 Sobrenome152', 'nome152.sobrenome152@example.com', 'senha152', 'Endereco 152', '55250000152', 'Usuario', NULL);
INSERT INTO usuarios (user_ID, CPF, nome, email, senha, endereco, telefone, tipo, avaliacao) VALUES ('947182', '10000000153', 'Nome153 Sobrenome153', 'nome153.sobrenome153@example.com', 'senha153', 'Endereco 153', '55250000153', 'Usuario', NULL);
INSERT INTO usuarios (user_ID, CPF, nome, email, senha, endereco, telefone, tipo, avaliacao) VALUES ('680609', '10000000154', 'Nome154 Sobrenome154', 'nome154.sobrenome154@example.com', 'senha154', 'Endereco 154', '55250000154', 'Usuario', NULL);
INSERT INTO usuarios (user_ID, CPF, nome, email, senha, endereco, telefone, tipo, avaliacao) VALUES ('889484', '10000000155', 'Nome155 Sobrenome155', 'nome155.sobrenome155@example.com', 'senha155', 'Endereco 155', '55250000155', 'Usuario', NULL);
INSERT INTO usuarios (user_ID, CPF, nome, email, senha, endereco, telefone, tipo, avaliacao) VALUES ('759850', '10000000156', 'Nome156 Sobrenome156', 'nome156.sobrenome156@example.com', 'senha156', 'Endereco 156', '55250000156', 'Entregador', 4.1);
INSERT INTO usuarios (user_ID, CPF, nome, email, senha, endereco, telefone, tipo, avaliacao) VALUES ('307224', '10000000157', 'Nome157 Sobrenome157', 'nome157.sobrenome157@example.com', 'senha157', 'Endereco 157', '55250000157', 'Entregador', 4.2);
INSERT INTO usuarios (user_ID, CPF, nome, email, senha, endereco, telefone, tipo, avaliacao) VALUES ('522175', '10000000158', 'Nome158 Sobrenome158', 'nome158.sobrenome158@example.com', 'senha158', 'Endereco 158', '55250000158', 'Usuario', NULL);
INSERT INTO usuarios (user_ID, CPF, nome, email, senha, endereco, telefone, tipo, avaliacao) VALUES ('557849', '10000000159', 'Nome159 Sobrenome159', 'nome159.sobrenome159@example.com', 'senha159', 'Endereco 159', '55250000159', 'Entregador', 4.4);
INSERT INTO usuarios (user_ID, CPF, nome, email, senha, endereco, telefone, tipo, avaliacao) VALUES ('427701', '10000000160', 'Nome160 Sobrenome160', 'nome160.sobrenome160@example.com', 'senha160', 'Endereco 160', '55250000160', 'Usuario', NULL);
INSERT INTO usuarios (user_ID, CPF, nome, email, senha, endereco, telefone, tipo, avaliacao) VALUES ('698263', '10000000161', 'Nome161 Sobrenome161', 'nome161.sobrenome161@example.com', 'senha161', 'Endereco 161', '55250000161', 'Administrador', NULL);
INSERT INTO usuarios (user_ID, CPF, nome, email, senha, endereco, telefone, tipo, avaliacao) VALUES ('568773', '10000000162', 'Nome162 Sobrenome162', 'nome162.sobrenome162@example.com', 'senha162', 'Endereco 162', '55250000162', 'Usuario', NULL);
INSERT INTO usuarios (user_ID, CPF, nome, email, senha, endereco, telefone, tipo, avaliacao) VALUES ('161763', '10000000163', 'Restaurante 6', 'nome163.sobrenome163@example.com', 'senha163', 'Endereco 163', '55250000163', 'Restaurante', 4.6);
INSERT INTO usuarios (user_ID, CPF, nome, email, senha, endereco, telefone, tipo, avaliacao) VALUES ('754447', '10000000164', 'Nome164 Sobrenome164', 'nome164.sobrenome164@example.com', 'senha164', 'Endereco 164', '55250000164', 'Entregador', 4.4);
INSERT INTO usuarios (user_ID, CPF, nome, email, senha, endereco, telefone, tipo, avaliacao) VALUES ('513255', '10000000165', 'Nome165 Sobrenome165', 'nome165.sobrenome165@example.com', 'senha165', 'Endereco 165', '55250000165', 'Usuario', NULL);
INSERT INTO usuarios (user_ID, CPF, nome, email, senha, endereco, telefone, tipo, avaliacao) VALUES ('138379', '10000000166', 'Nome166 Sobrenome166', 'nome166.sobrenome166@example.com', 'senha166', 'Endereco 166', '55250000166', 'Usuario', NULL);
INSERT INTO usuarios (user_ID, CPF, nome, email, senha, endereco, telefone, tipo, avaliacao) VALUES ('298232', '10000000167', 'Nome167 Sobrenome167', 'nome167.sobrenome167@example.com', 'senha167', 'Endereco 167', '55250000167', 'Entregador', 3.6);
INSERT INTO usuarios (user_ID, CPF, nome, email, senha, endereco, telefone, tipo, avaliacao) VALUES ('365193', '10000000168', 'Restaurante 7', 'nome168.sobrenome168@example.com', 'senha168', 'Endereco 168', '55250000168', 'Restaurante', 4.9);
INSERT INTO usuarios (user_ID, CPF, nome, email, senha, endereco, telefone, tipo, avaliacao) VALUES ('747898', '10000000169', 'Nome169 Sobrenome169', 'nome169.sobrenome169@example.com', 'senha169', 'Endereco 169', '55250000169', 'Usuario', NULL);
INSERT INTO usuarios (user_ID, CPF, nome, email, senha, endereco, telefone, tipo, avaliacao) VALUES ('745072', '10000000170', 'Nome170 Sobrenome170', 'nome170.sobrenome170@example.com', 'senha170', 'Endereco 170', '55250000170', 'Usuario', NULL);
INSERT INTO usuarios (user_ID, CPF, nome, email, senha, endereco, telefone, tipo, avaliacao) VALUES ('616687', '10000000171', 'Nome171 Sobrenome171', 'nome171.sobrenome171@example.com', 'senha171', 'Endereco 171', '55250000171', 'Entregador', 3.9);
INSERT INTO usuarios (user_ID, CPF, nome, email, senha, endereco, telefone, tipo, avaliacao) VALUES ('615126', '10000000172', 'Nome172 Sobrenome172', 'nome172.sobrenome172@example.com', 'senha172', 'Endereco 172', '55250000172', 'Entregador', 5.0);
INSERT INTO usuarios (user_ID, CPF, nome, email, senha, endereco, telefone, tipo, avaliacao) VALUES ('223925', '10000000173', 'Nome173 Sobrenome173', 'nome173.sobrenome173@example.com', 'senha173', 'Endereco 173', '55250000173', 'Usuario', NULL);
INSERT INTO usuarios (user_ID, CPF, nome, email, senha, endereco, telefone, tipo, avaliacao) VALUES ('658533', '10000000174', 'Nome174 Sobrenome174', 'nome174.sobrenome174@example.com', 'senha174', 'Endereco 174', '55250000174', 'Usuario', NULL);
INSERT INTO usuarios (user_ID, CPF, nome, email, senha, endereco, telefone, tipo, avaliacao) VALUES ('463231', '10000000175', 'Nome175 Sobrenome175', 'nome175.sobrenome175@example.com', 'senha175', 'Endereco 175', '55250000175', 'Usuario', NULL);
INSERT INTO usuarios (user_ID, CPF, nome, email, senha, endereco, telefone, tipo, avaliacao) VALUES ('620270', '10000000176', 'Nome176 Sobrenome176', 'nome176.sobrenome176@example.com', 'senha176', 'Endereco 176', '55250000176', 'Usuario', NULL);
INSERT INTO usuarios (user_ID, CPF, nome, email, senha, endereco, telefone, tipo, avaliacao) VALUES ('882689', '10000000177', 'Restaurante 8', 'nome177.sobrenome177@example.com', 'senha177', 'Endereco 177', '55250000177', 'Restaurante', 3.0);
INSERT INTO usuarios (user_ID, CPF, nome, email, senha, endereco, telefone, tipo, avaliacao) VALUES ('381440', '10000000178', 'Nome178 Sobrenome178', 'nome178.sobrenome178@example.com', 'senha178', 'Endereco 178', '55250000178', 'Usuario', NULL);
INSERT INTO usuarios (user_ID, CPF, nome, email, senha, endereco, telefone, tipo, avaliacao) VALUES ('803409', '10000000179', 'Nome179 Sobrenome179', 'nome179.sobrenome179@example.com', 'senha179', 'Endereco 179', '55250000179', 'Usuario', NULL);
INSERT INTO usuarios (user_ID, CPF, nome, email, senha, endereco, telefone, tipo, avaliacao) VALUES ('400851', '10000000180', 'Restaurante 9', 'nome180.sobrenome180@example.com', 'senha180', 'Endereco 180', '55250000180', 'Restaurante', 4.0);
INSERT INTO usuarios (user_ID, CPF, nome, email, senha, endereco, telefone, tipo, avaliacao) VALUES ('538839', '10000000181', 'Nome181 Sobrenome181', 'nome181.sobrenome181@example.com', 'senha181', 'Endereco 181', '55250000181', 'Usuario', NULL);
INSERT INTO usuarios (user_ID, CPF, nome, email, senha, endereco, telefone, tipo, avaliacao) VALUES ('239740', '10000000182', 'Nome182 Sobrenome182', 'nome182.sobrenome182@example.com', 'senha182', 'Endereco 182', '55250000182', 'Usuario', NULL);
INSERT INTO usuarios (user_ID, CPF, nome, email, senha, endereco, telefone, tipo, avaliacao) VALUES ('245622', '10000000183', 'Nome183 Sobrenome183', 'nome183.sobrenome183@example.com', 'senha183', 'Endereco 183', '55250000183', 'Entregador', 3.9);
INSERT INTO usuarios (user_ID, CPF, nome, email, senha, endereco, telefone, tipo, avaliacao) VALUES ('668747', '10000000184', 'Nome184 Sobrenome184', 'nome184.sobrenome184@example.com', 'senha184', 'Endereco 184', '55250000184', 'Usuario', NULL);
INSERT INTO usuarios (user_ID, CPF, nome, email, senha, endereco, telefone, tipo, avaliacao) VALUES ('856996', '10000000185', 'Restaurante 10', 'nome185.sobrenome185@example.com', 'senha185', 'Endereco 185', '55250000185', 'Restaurante', 3.4);
INSERT INTO usuarios (user_ID, CPF, nome, email, senha, endereco, telefone, tipo, avaliacao) VALUES ('981654', '10000000186', 'Nome186 Sobrenome186', 'nome186.sobrenome186@example.com', 'senha186', 'Endereco 186', '55250000186', 'Usuario', NULL);
INSERT INTO usuarios (user_ID, CPF, nome, email, senha, endereco, telefone, tipo, avaliacao) VALUES ('746368', '10000000187', 'Nome187 Sobrenome187', 'nome187.sobrenome187@example.com', 'senha187', 'Endereco 187', '55250000187', 'Usuario', NULL);
INSERT INTO usuarios (user_ID, CPF, nome, email, senha, endereco, telefone, tipo, avaliacao) VALUES ('463214', '10000000188', 'Nome188 Sobrenome188', 'nome188.sobrenome188@example.com', 'senha188', 'Endereco 188', '55250000188', 'Entregador', 3.2);
INSERT INTO usuarios (user_ID, CPF, nome, email, senha, endereco, telefone, tipo, avaliacao) VALUES ('115011', '10000000189', 'Nome189 Sobrenome189', 'nome189.sobrenome189@example.com', 'senha189', 'Endereco 189', '55250000189', 'Usuario', NULL);
INSERT INTO usuarios (user_ID, CPF, nome, email, senha, endereco, telefone, tipo, avaliacao) VALUES ('749548', '10000000190', 'Nome190 Sobrenome190', 'nome190.sobrenome190@example.com', 'senha190', 'Endereco 190', '55250000190', 'Usuario', NULL);
INSERT INTO usuarios (user_ID, CPF, nome, email, senha, endereco, telefone, tipo, avaliacao) VALUES ('653260', '10000000191', 'Nome191 Sobrenome191', 'nome191.sobrenome191@example.com', 'senha191', 'Endereco 191', '55250000191', 'Usuario', NULL);
INSERT INTO usuarios (user_ID, CPF, nome, email, senha, endereco, telefone, tipo, avaliacao) VALUES ('685930', '10000000192', 'Nome192 Sobrenome192', 'nome192.sobrenome192@example.com', 'senha192', 'Endereco 192', '55250000192', 'Entregador', 3.2);
INSERT INTO usuarios (user_ID, CPF, nome, email, senha, endereco, telefone, tipo, avaliacao) VALUES ('880809', '10000000193', 'Nome193 Sobrenome193', 'nome193.sobrenome193@example.com', 'senha193', 'Endereco 193', '55250000193', 'Usuario', NULL);
INSERT INTO usuarios (user_ID, CPF, nome, email, senha, endereco, telefone, tipo, avaliacao) VALUES ('385466', '10000000194', 'Nome194 Sobrenome194', 'nome194.sobrenome194@example.com', 'senha194', 'Endereco 194', '55250000194', 'Usuario', NULL);
INSERT INTO usuarios (user_ID, CPF, nome, email, senha, endereco, telefone, tipo, avaliacao) VALUES ('875266', '10000000195', 'Nome195 Sobrenome195', 'nome195.sobrenome195@example.com', 'senha195', 'Endereco 195', '55250000195', 'Usuario', NULL);
INSERT INTO usuarios (user_ID, CPF, nome, email, senha, endereco, telefone, tipo, avaliacao) VALUES ('579587', '10000000196', 'Nome196 Sobrenome196', 'nome196.sobrenome196@example.com', 'senha196', 'Endereco 196', '55250000196', 'Administrador', NULL);
INSERT INTO usuarios (user_ID, CPF, nome, email, senha, endereco, telefone, tipo, avaliacao) VALUES ('807907', '10000000197', 'Nome197 Sobrenome197', 'nome197.sobrenome197@example.com', 'senha197', 'Endereco 197', '55250000197', 'Usuario', NULL);
INSERT INTO usuarios (user_ID, CPF, nome, email, senha, endereco, telefone, tipo, avaliacao) VALUES ('973965', '10000000198', 'Nome198 Sobrenome198', 'nome198.sobrenome198@example.com', 'senha198', 'Endereco 198', '55250000198', 'Entregador', 4.6);
INSERT INTO usuarios (user_ID, CPF, nome, email, senha, endereco, telefone, tipo, avaliacao) VALUES ('942357', '10000000199', 'Nome199 Sobrenome199', 'nome199.sobrenome199@example.com', 'senha199', 'Endereco 199', '55250000199', 'Usuario', NULL);
INSERT INTO usuarios (user_ID, CPF, nome, email, senha, endereco, telefone, tipo, avaliacao) VALUES ('232041', '10000000200', 'Nome200 Sobrenome200', 'nome200.sobrenome200@example.com', 'senha200', 'Endereco 200', '55250000200', 'Usuario', NULL);
